image_name;image_id;class_name;country_code;count;category_id
c6fe0cba-92d4-11e9-ac1e-000d3a74c7de.jpg;c6fe0cba-92d4-11e9-ac1e-000d3a74c7de;psophia leucoptera;bol;1;1
c6fea8fa-92d4-11e9-a58a-000d3a74c7de.jpg;c6fea8fa-92d4-11e9-a58a-000d3a74c7de;psophia leucoptera;bol;1;1
c6fea8fc-92d4-11e9-8c7a-000d3a74c7de.jpg;c6fea8fc-92d4-11e9-8c7a-000d3a74c7de;psophia leucoptera;bol;1;1
c6fed00c-92d4-11e9-97a0-000d3a74c7de.jpg;c6fed00c-92d4-11e9-97a0-000d3a74c7de;psophia leucoptera;bol;1;1
c6fed00e-92d4-11e9-97d9-000d3a74c7de.jpg;c6fed00e-92d4-11e9-97d9-000d3a74c7de;psophia leucoptera;bol;1;1
c6fed010-92d4-11e9-b4b0-000d3a74c7de.jpg;c6fed010-92d4-11e9-b4b0-000d3a74c7de;psophia leucoptera;bol;1;1
c6fef724-92d4-11e9-8fa8-000d3a74c7de.jpg;c6fef724-92d4-11e9-8fa8-000d3a74c7de;psophia leucoptera;bol;1;1
c6fef726-92d4-11e9-927f-000d3a74c7de.jpg;c6fef726-92d4-11e9-927f-000d3a74c7de;psophia leucoptera;bol;1;1
c6fef728-92d4-11e9-bfe2-000d3a74c7de.jpg;c6fef728-92d4-11e9-bfe2-000d3a74c7de;psophia leucoptera;bol;1;1
c6ff1e46-92d4-11e9-913d-000d3a74c7de.jpg;c6ff1e46-92d4-11e9-913d-000d3a74c7de;psophia leucoptera;bol;1;1
c6ff1e48-92d4-11e9-b4a8-000d3a74c7de.jpg;c6ff1e48-92d4-11e9-b4a8-000d3a74c7de;psophia leucoptera;bol;1;1
c6ff1e4a-92d4-11e9-be2b-000d3a74c7de.jpg;c6ff1e4a-92d4-11e9-be2b-000d3a74c7de;psophia leucoptera;bol;1;1
c6ff1e4c-92d4-11e9-a390-000d3a74c7de.jpg;c6ff1e4c-92d4-11e9-a390-000d3a74c7de;psophia leucoptera;bol;1;1
c6ff4541-92d4-11e9-93c4-000d3a74c7de.jpg;c6ff4541-92d4-11e9-93c4-000d3a74c7de;psophia leucoptera;bol;1;1
c6ff4543-92d4-11e9-982b-000d3a74c7de.jpg;c6ff4543-92d4-11e9-982b-000d3a74c7de;psophia leucoptera;bol;1;1
c6ff4545-92d4-11e9-8a62-000d3a74c7de.jpg;c6ff4545-92d4-11e9-8a62-000d3a74c7de;psophia leucoptera;bol;1;1
c6ff6c52-92d4-11e9-a29e-000d3a74c7de.jpg;c6ff6c52-92d4-11e9-a29e-000d3a74c7de;psophia leucoptera;bol;1;1
c6ff6c54-92d4-11e9-9879-000d3a74c7de.jpg;c6ff6c54-92d4-11e9-9879-000d3a74c7de;psophia leucoptera;bol;1;1
c6ff6c56-92d4-11e9-b211-000d3a74c7de.jpg;c6ff6c56-92d4-11e9-b211-000d3a74c7de;psophia leucoptera;bol;1;1
c6ff6c58-92d4-11e9-b1c4-000d3a74c7de.jpg;c6ff6c58-92d4-11e9-b1c4-000d3a74c7de;psophia leucoptera;bol;1;1
c6ff9363-92d4-11e9-9029-000d3a74c7de.jpg;c6ff9363-92d4-11e9-9029-000d3a74c7de;psophia leucoptera;bol;1;1
c6ff9365-92d4-11e9-a78b-000d3a74c7de.jpg;c6ff9365-92d4-11e9-a78b-000d3a74c7de;psophia leucoptera;bol;1;1
c6ff9367-92d4-11e9-8a75-000d3a74c7de.jpg;c6ff9367-92d4-11e9-8a75-000d3a74c7de;psophia leucoptera;bol;1;1
c6ffba76-92d4-11e9-9a13-000d3a74c7de.jpg;c6ffba76-92d4-11e9-9a13-000d3a74c7de;psophia leucoptera;bol;1;1
c6ffba78-92d4-11e9-968e-000d3a74c7de.jpg;c6ffba78-92d4-11e9-968e-000d3a74c7de;psophia leucoptera;bol;1;1
c6ffba7a-92d4-11e9-9b1b-000d3a74c7de.jpg;c6ffba7a-92d4-11e9-9b1b-000d3a74c7de;psophia leucoptera;bol;1;1
c6ffe180-92d4-11e9-9bd0-000d3a74c7de.jpg;c6ffe180-92d4-11e9-9bd0-000d3a74c7de;psophia leucoptera;bol;1;1
c6ffe182-92d4-11e9-8eb8-000d3a74c7de.jpg;c6ffe182-92d4-11e9-8eb8-000d3a74c7de;tayassu pecari;bol;1;2
c6ffe184-92d4-11e9-8d62-000d3a74c7de.jpg;c6ffe184-92d4-11e9-8d62-000d3a74c7de;dasyprocta punctata;bol;1;3
c6ffe186-92d4-11e9-ba92-000d3a74c7de.jpg;c6ffe186-92d4-11e9-ba92-000d3a74c7de;dasyprocta punctata;bol;1;3
c7000891-92d4-11e9-9506-000d3a74c7de.jpg;c7000891-92d4-11e9-9506-000d3a74c7de;cuniculus paca;bol;1;4
c7000893-92d4-11e9-8f3d-000d3a74c7de.jpg;c7000893-92d4-11e9-8f3d-000d3a74c7de;sciurus spadiceus;bol;1;5
c7000895-92d4-11e9-b18c-000d3a74c7de.jpg;c7000895-92d4-11e9-b18c-000d3a74c7de;tayassu pecari;bol;1;2
c7002f9c-92d4-11e9-a657-000d3a74c7de.jpg;c7002f9c-92d4-11e9-a657-000d3a74c7de;tayassu pecari;bol;1;2
c7002f9e-92d4-11e9-9f56-000d3a74c7de.jpg;c7002f9e-92d4-11e9-9f56-000d3a74c7de;tayassu pecari;bol;1;2
c7002fa0-92d4-11e9-b00a-000d3a74c7de.jpg;c7002fa0-92d4-11e9-b00a-000d3a74c7de;tayassu pecari;bol;1;2
c70056b0-92d4-11e9-affb-000d3a74c7de.jpg;c70056b0-92d4-11e9-affb-000d3a74c7de;tayassu pecari;bol;1;2
c70056b2-92d4-11e9-94f3-000d3a74c7de.jpg;c70056b2-92d4-11e9-94f3-000d3a74c7de;tayassu pecari;bol;1;2
c70056b4-92d4-11e9-bbfd-000d3a74c7de.jpg;c70056b4-92d4-11e9-bbfd-000d3a74c7de;tayassu pecari;bol;1;2
c70056b6-92d4-11e9-a19b-000d3a74c7de.jpg;c70056b6-92d4-11e9-a19b-000d3a74c7de;tayassu pecari;bol;1;2
c7007dc3-92d4-11e9-8828-000d3a74c7de.jpg;c7007dc3-92d4-11e9-8828-000d3a74c7de;tayassu pecari;bol;1;2
c7007dc5-92d4-11e9-9625-000d3a74c7de.jpg;c7007dc5-92d4-11e9-9625-000d3a74c7de;tayassu pecari;bol;1;2
c7007dc7-92d4-11e9-895c-000d3a74c7de.jpg;c7007dc7-92d4-11e9-895c-000d3a74c7de;puma concolor;bol;1;6
c700a4ca-92d4-11e9-80fc-000d3a74c7de.jpg;c700a4ca-92d4-11e9-80fc-000d3a74c7de;tapirus terrestris;bol;1;7
c700a4cc-92d4-11e9-8331-000d3a74c7de.jpg;c700a4cc-92d4-11e9-8331-000d3a74c7de;tapirus terrestris;bol;1;7
c700a4ce-92d4-11e9-a75a-000d3a74c7de.jpg;c700a4ce-92d4-11e9-a75a-000d3a74c7de;pecari tajacu;bol;1;8
c700cbda-92d4-11e9-aa1d-000d3a74c7de.jpg;c700cbda-92d4-11e9-aa1d-000d3a74c7de;pecari tajacu;bol;1;8
c700cbdc-92d4-11e9-b7f4-000d3a74c7de.jpg;c700cbdc-92d4-11e9-b7f4-000d3a74c7de;tayassu pecari;bol;1;2
c700cbde-92d4-11e9-9cb1-000d3a74c7de.jpg;c700cbde-92d4-11e9-9cb1-000d3a74c7de;tayassu pecari;bol;1;2
c700cbe0-92d4-11e9-bef5-000d3a74c7de.jpg;c700cbe0-92d4-11e9-bef5-000d3a74c7de;tayassu pecari;bol;1;2
c700f2ee-92d4-11e9-87a4-000d3a74c7de.jpg;c700f2ee-92d4-11e9-87a4-000d3a74c7de;tayassu pecari;bol;1;2
c700f2f0-92d4-11e9-8348-000d3a74c7de.jpg;c700f2f0-92d4-11e9-8348-000d3a74c7de;tayassu pecari;bol;1;2
c700f2f2-92d4-11e9-a4dc-000d3a74c7de.jpg;c700f2f2-92d4-11e9-a4dc-000d3a74c7de;tayassu pecari;bol;1;2
c7011a00-92d4-11e9-bc16-000d3a74c7de.jpg;c7011a00-92d4-11e9-bc16-000d3a74c7de;tayassu pecari;bol;1;2
c7011a02-92d4-11e9-a81f-000d3a74c7de.jpg;c7011a02-92d4-11e9-a81f-000d3a74c7de;tayassu pecari;bol;1;2
c7011a04-92d4-11e9-91db-000d3a74c7de.jpg;c7011a04-92d4-11e9-91db-000d3a74c7de;tayassu pecari;bol;1;2
c7011a06-92d4-11e9-af02-000d3a74c7de.jpg;c7011a06-92d4-11e9-af02-000d3a74c7de;tayassu pecari;bol;1;2
c701410b-92d4-11e9-ae73-000d3a74c7de.jpg;c701410b-92d4-11e9-ae73-000d3a74c7de;tayassu pecari;bol;1;2
c701410d-92d4-11e9-a6bb-000d3a74c7de.jpg;c701410d-92d4-11e9-a6bb-000d3a74c7de;tayassu pecari;bol;1;2
c701410f-92d4-11e9-9fc0-000d3a74c7de.jpg;c701410f-92d4-11e9-9fc0-000d3a74c7de;tayassu pecari;bol;1;2
c701681c-92d4-11e9-b8cb-000d3a74c7de.jpg;c701681c-92d4-11e9-b8cb-000d3a74c7de;tayassu pecari;bol;1;2
c701681e-92d4-11e9-bcae-000d3a74c7de.jpg;c701681e-92d4-11e9-bcae-000d3a74c7de;tayassu pecari;bol;1;2
c7016820-92d4-11e9-8c4e-000d3a74c7de.jpg;c7016820-92d4-11e9-8c4e-000d3a74c7de;mazama americana;bol;1;9
c7018f34-92d4-11e9-af3d-000d3a74c7de.jpg;c7018f34-92d4-11e9-af3d-000d3a74c7de;mazama americana;bol;1;9
c7018f36-92d4-11e9-a95d-000d3a74c7de.jpg;c7018f36-92d4-11e9-a95d-000d3a74c7de;mazama americana;bol;1;9
c7018f38-92d4-11e9-b667-000d3a74c7de.jpg;c7018f38-92d4-11e9-b667-000d3a74c7de;tayassu pecari;bol;1;2
c7018f3a-92d4-11e9-8828-000d3a74c7de.jpg;c7018f3a-92d4-11e9-8828-000d3a74c7de;tayassu pecari;bol;1;2
c701b647-92d4-11e9-becf-000d3a74c7de.jpg;c701b647-92d4-11e9-becf-000d3a74c7de;tayassu pecari;bol;1;2
c701b649-92d4-11e9-8e67-000d3a74c7de.jpg;c701b649-92d4-11e9-8e67-000d3a74c7de;tayassu pecari;bol;1;2
c701b64b-92d4-11e9-9957-000d3a74c7de.jpg;c701b64b-92d4-11e9-9957-000d3a74c7de;tayassu pecari;bol;1;2
c701dd54-92d4-11e9-908e-000d3a74c7de.jpg;c701dd54-92d4-11e9-908e-000d3a74c7de;tayassu pecari;bol;1;2
c701dd56-92d4-11e9-99cf-000d3a74c7de.jpg;c701dd56-92d4-11e9-99cf-000d3a74c7de;tayassu pecari;bol;1;2
c701dd58-92d4-11e9-ba44-000d3a74c7de.jpg;c701dd58-92d4-11e9-ba44-000d3a74c7de;psophia leucoptera;bol;1;1
c702045e-92d4-11e9-8d16-000d3a74c7de.jpg;c702045e-92d4-11e9-8d16-000d3a74c7de;psophia leucoptera;bol;1;1
c7020460-92d4-11e9-8c10-000d3a74c7de.jpg;c7020460-92d4-11e9-8c10-000d3a74c7de;psophia leucoptera;bol;1;1
c7020462-92d4-11e9-99ab-000d3a74c7de.jpg;c7020462-92d4-11e9-99ab-000d3a74c7de;psophia leucoptera;bol;1;1
c7020464-92d4-11e9-9be9-000d3a74c7de.jpg;c7020464-92d4-11e9-9be9-000d3a74c7de;psophia leucoptera;bol;1;1
c7022be4-92d4-11e9-b19c-000d3a74c7de.jpg;c7022be4-92d4-11e9-b19c-000d3a74c7de;tayassu pecari;bol;1;2
c7022be6-92d4-11e9-bf1e-000d3a74c7de.jpg;c7022be6-92d4-11e9-bf1e-000d3a74c7de;tayassu pecari;bol;1;2
c7022be8-92d4-11e9-8e5c-000d3a74c7de.jpg;c7022be8-92d4-11e9-8e5c-000d3a74c7de;dasyprocta punctata;bol;1;3
c702527e-92d4-11e9-a756-000d3a74c7de.jpg;c702527e-92d4-11e9-a756-000d3a74c7de;leopardus pardalis;bol;1;10
c7025280-92d4-11e9-898b-000d3a74c7de.jpg;c7025280-92d4-11e9-898b-000d3a74c7de;tayassu pecari;bol;1;2
c7025282-92d4-11e9-b571-000d3a74c7de.jpg;c7025282-92d4-11e9-b571-000d3a74c7de;tayassu pecari;bol;1;2
c7025284-92d4-11e9-930f-000d3a74c7de.jpg;c7025284-92d4-11e9-930f-000d3a74c7de;tayassu pecari;bol;1;2
c7027991-92d4-11e9-9628-000d3a74c7de.jpg;c7027991-92d4-11e9-9628-000d3a74c7de;tayassu pecari;bol;1;2
c7027993-92d4-11e9-ac9c-000d3a74c7de.jpg;c7027993-92d4-11e9-ac9c-000d3a74c7de;tayassu pecari;bol;1;2
c7027995-92d4-11e9-a547-000d3a74c7de.jpg;c7027995-92d4-11e9-a547-000d3a74c7de;psophia leucoptera;bol;1;1
c702a09c-92d4-11e9-9d4e-000d3a74c7de.jpg;c702a09c-92d4-11e9-9d4e-000d3a74c7de;psophia leucoptera;bol;1;1
c702a09e-92d4-11e9-8c04-000d3a74c7de.jpg;c702a09e-92d4-11e9-8c04-000d3a74c7de;psophia leucoptera;bol;1;1
c702a0a0-92d4-11e9-89e6-000d3a74c7de.jpg;c702a0a0-92d4-11e9-89e6-000d3a74c7de;tayassu pecari;bol;1;2
c702c7b0-92d4-11e9-94e6-000d3a74c7de.jpg;c702c7b0-92d4-11e9-94e6-000d3a74c7de;tayassu pecari;bol;1;2
c702c7b2-92d4-11e9-b0ef-000d3a74c7de.jpg;c702c7b2-92d4-11e9-b0ef-000d3a74c7de;mitu tuberosum;bol;1;11
c702c7b4-92d4-11e9-9597-000d3a74c7de.jpg;c702c7b4-92d4-11e9-9597-000d3a74c7de;mitu tuberosum;bol;1;11
c702c7b6-92d4-11e9-9942-000d3a74c7de.jpg;c702c7b6-92d4-11e9-9942-000d3a74c7de;mitu tuberosum;bol;1;11
c702eec0-92d4-11e9-aa3f-000d3a74c7de.jpg;c702eec0-92d4-11e9-aa3f-000d3a74c7de;mitu tuberosum;bol;1;11
c702eec2-92d4-11e9-84b8-000d3a74c7de.jpg;c702eec2-92d4-11e9-84b8-000d3a74c7de;mitu tuberosum;bol;1;11
c702eec4-92d4-11e9-a8a0-000d3a74c7de.jpg;c702eec4-92d4-11e9-a8a0-000d3a74c7de;mitu tuberosum;bol;1;11
c70315d0-92d4-11e9-89e0-000d3a74c7de.jpg;c70315d0-92d4-11e9-89e0-000d3a74c7de;mitu tuberosum;bol;1;11
c70315d2-92d4-11e9-a739-000d3a74c7de.jpg;c70315d2-92d4-11e9-a739-000d3a74c7de;mitu tuberosum;bol;1;11
c70315d4-92d4-11e9-845d-000d3a74c7de.jpg;c70315d4-92d4-11e9-845d-000d3a74c7de;mitu tuberosum;bol;1;11
c70315d6-92d4-11e9-bef0-000d3a74c7de.jpg;c70315d6-92d4-11e9-bef0-000d3a74c7de;mitu tuberosum;bol;1;11
c7033ce3-92d4-11e9-baed-000d3a74c7de.jpg;c7033ce3-92d4-11e9-baed-000d3a74c7de;mitu tuberosum;bol;1;11
c7033ce5-92d4-11e9-91d7-000d3a74c7de.jpg;c7033ce5-92d4-11e9-91d7-000d3a74c7de;mitu tuberosum;bol;1;11
c7033ce7-92d4-11e9-89d6-000d3a74c7de.jpg;c7033ce7-92d4-11e9-89d6-000d3a74c7de;mitu tuberosum;bol;1;11
c70363ee-92d4-11e9-8e6d-000d3a74c7de.jpg;c70363ee-92d4-11e9-8e6d-000d3a74c7de;mitu tuberosum;bol;1;11
c70363f0-92d4-11e9-b84b-000d3a74c7de.jpg;c70363f0-92d4-11e9-b84b-000d3a74c7de;mitu tuberosum;bol;1;11
c70363f2-92d4-11e9-8860-000d3a74c7de.jpg;c70363f2-92d4-11e9-8860-000d3a74c7de;mitu tuberosum;bol;1;11
c7038afe-92d4-11e9-b489-000d3a74c7de.jpg;c7038afe-92d4-11e9-b489-000d3a74c7de;mitu tuberosum;bol;1;11
c7038b00-92d4-11e9-997a-000d3a74c7de.jpg;c7038b00-92d4-11e9-997a-000d3a74c7de;mitu tuberosum;bol;1;11
c7038b02-92d4-11e9-992c-000d3a74c7de.jpg;c7038b02-92d4-11e9-992c-000d3a74c7de;mitu tuberosum;bol;1;11
c703b210-92d4-11e9-b5a5-000d3a74c7de.jpg;c703b210-92d4-11e9-b5a5-000d3a74c7de;mitu tuberosum;bol;1;11
c703b212-92d4-11e9-8d26-000d3a74c7de.jpg;c703b212-92d4-11e9-8d26-000d3a74c7de;mitu tuberosum;bol;1;11
c703b214-92d4-11e9-8f59-000d3a74c7de.jpg;c703b214-92d4-11e9-8f59-000d3a74c7de;mitu tuberosum;bol;1;11
c703b216-92d4-11e9-bc8a-000d3a74c7de.jpg;c703b216-92d4-11e9-bc8a-000d3a74c7de;mitu tuberosum;bol;1;11
c703d91f-92d4-11e9-80af-000d3a74c7de.jpg;c703d91f-92d4-11e9-80af-000d3a74c7de;mitu tuberosum;bol;1;11
c703d921-92d4-11e9-afdc-000d3a74c7de.jpg;c703d921-92d4-11e9-afdc-000d3a74c7de;mitu tuberosum;bol;1;11
c703d923-92d4-11e9-8a40-000d3a74c7de.jpg;c703d923-92d4-11e9-8a40-000d3a74c7de;mitu tuberosum;bol;1;11
c704002e-92d4-11e9-a2a8-000d3a74c7de.jpg;c704002e-92d4-11e9-a2a8-000d3a74c7de;mitu tuberosum;bol;1;11
c7040030-92d4-11e9-8296-000d3a74c7de.jpg;c7040030-92d4-11e9-8296-000d3a74c7de;psophia leucoptera;bol;1;1
c7040032-92d4-11e9-b1ae-000d3a74c7de.jpg;c7040032-92d4-11e9-b1ae-000d3a74c7de;psophia leucoptera;bol;1;1
c7040034-92d4-11e9-9901-000d3a74c7de.jpg;c7040034-92d4-11e9-9901-000d3a74c7de;tayassu pecari;bol;1;2
c7042741-92d4-11e9-ba44-000d3a74c7de.jpg;c7042741-92d4-11e9-ba44-000d3a74c7de;mitu tuberosum;bol;1;11
c7042743-92d4-11e9-aa1e-000d3a74c7de.jpg;c7042743-92d4-11e9-aa1e-000d3a74c7de;mitu tuberosum;bol;1;11
c7042745-92d4-11e9-b8f0-000d3a74c7de.jpg;c7042745-92d4-11e9-b8f0-000d3a74c7de;mitu tuberosum;bol;1;11
c7044e53-92d4-11e9-a167-000d3a74c7de.jpg;c7044e53-92d4-11e9-a167-000d3a74c7de;mitu tuberosum;bol;1;11
c7044e55-92d4-11e9-9d66-000d3a74c7de.jpg;c7044e55-92d4-11e9-9d66-000d3a74c7de;mitu tuberosum;bol;1;11
c7044e57-92d4-11e9-ac2b-000d3a74c7de.jpg;c7044e57-92d4-11e9-ac2b-000d3a74c7de;mitu tuberosum;bol;1;11
c704755d-92d4-11e9-92d2-000d3a74c7de.jpg;c704755d-92d4-11e9-92d2-000d3a74c7de;mitu tuberosum;bol;1;11
c704755f-92d4-11e9-b4e1-000d3a74c7de.jpg;c704755f-92d4-11e9-b4e1-000d3a74c7de;mitu tuberosum;bol;1;11
c7047561-92d4-11e9-8a46-000d3a74c7de.jpg;c7047561-92d4-11e9-8a46-000d3a74c7de;mitu tuberosum;bol;1;11
c7049c75-92d4-11e9-ac23-000d3a74c7de.jpg;c7049c75-92d4-11e9-ac23-000d3a74c7de;mitu tuberosum;bol;1;11
c7049c77-92d4-11e9-a593-000d3a74c7de.jpg;c7049c77-92d4-11e9-a593-000d3a74c7de;mitu tuberosum;bol;1;11
c7049c79-92d4-11e9-81cf-000d3a74c7de.jpg;c7049c79-92d4-11e9-81cf-000d3a74c7de;mitu tuberosum;bol;1;11
c704c382-92d4-11e9-8f6c-000d3a74c7de.jpg;c704c382-92d4-11e9-8f6c-000d3a74c7de;mitu tuberosum;bol;1;11
c704c384-92d4-11e9-a159-000d3a74c7de.jpg;c704c384-92d4-11e9-a159-000d3a74c7de;mitu tuberosum;bol;1;11
c704c386-92d4-11e9-ab02-000d3a74c7de.jpg;c704c386-92d4-11e9-ab02-000d3a74c7de;mitu tuberosum;bol;1;11
c704c388-92d4-11e9-9dc4-000d3a74c7de.jpg;c704c388-92d4-11e9-9dc4-000d3a74c7de;mitu tuberosum;bol;1;11
c704ea95-92d4-11e9-9af3-000d3a74c7de.jpg;c704ea95-92d4-11e9-9af3-000d3a74c7de;mitu tuberosum;bol;1;11
c704ea97-92d4-11e9-b161-000d3a74c7de.jpg;c704ea97-92d4-11e9-b161-000d3a74c7de;mitu tuberosum;bol;1;11
c704ea99-92d4-11e9-bc38-000d3a74c7de.jpg;c704ea99-92d4-11e9-bc38-000d3a74c7de;mitu tuberosum;bol;1;11
c705119d-92d4-11e9-81ee-000d3a74c7de.jpg;c705119d-92d4-11e9-81ee-000d3a74c7de;mitu tuberosum;bol;1;11
c705119f-92d4-11e9-b2af-000d3a74c7de.jpg;c705119f-92d4-11e9-b2af-000d3a74c7de;mitu tuberosum;bol;1;11
c70511a1-92d4-11e9-8ea0-000d3a74c7de.jpg;c70511a1-92d4-11e9-8ea0-000d3a74c7de;mitu tuberosum;bol;1;11
c705392c-92d4-11e9-a67d-000d3a74c7de.jpg;c705392c-92d4-11e9-a67d-000d3a74c7de;mitu tuberosum;bol;1;11
c705392e-92d4-11e9-bc5d-000d3a74c7de.jpg;c705392e-92d4-11e9-bc5d-000d3a74c7de;mitu tuberosum;bol;1;11
c7053930-92d4-11e9-b3bd-000d3a74c7de.jpg;c7053930-92d4-11e9-b3bd-000d3a74c7de;mitu tuberosum;bol;1;11
c7053932-92d4-11e9-a454-000d3a74c7de.jpg;c7053932-92d4-11e9-a454-000d3a74c7de;mitu tuberosum;bol;1;11
c7055fba-92d4-11e9-af3c-000d3a74c7de.jpg;c7055fba-92d4-11e9-af3c-000d3a74c7de;geotrygon montana;bol;1;12
c7055fbc-92d4-11e9-bd40-000d3a74c7de.jpg;c7055fbc-92d4-11e9-bd40-000d3a74c7de;pecari tajacu;bol;1;8
c7055fbe-92d4-11e9-be93-000d3a74c7de.jpg;c7055fbe-92d4-11e9-be93-000d3a74c7de;pecari tajacu;bol;1;8
c70586cc-92d4-11e9-80de-000d3a74c7de.jpg;c70586cc-92d4-11e9-80de-000d3a74c7de;pecari tajacu;bol;1;8
c70586ce-92d4-11e9-95ff-000d3a74c7de.jpg;c70586ce-92d4-11e9-95ff-000d3a74c7de;geotrygon montana;bol;1;12
c70586d0-92d4-11e9-8fb5-000d3a74c7de.jpg;c70586d0-92d4-11e9-8fb5-000d3a74c7de;dasyprocta punctata;bol;1;3
c705adda-92d4-11e9-88f0-000d3a74c7de.jpg;c705adda-92d4-11e9-88f0-000d3a74c7de;geotrygon montana;bol;1;12
c705addc-92d4-11e9-a6a6-000d3a74c7de.jpg;c705addc-92d4-11e9-a6a6-000d3a74c7de;pecari tajacu;bol;1;8
c705adde-92d4-11e9-9b37-000d3a74c7de.jpg;c705adde-92d4-11e9-9b37-000d3a74c7de;pecari tajacu;bol;1;8
c705ade0-92d4-11e9-b682-000d3a74c7de.jpg;c705ade0-92d4-11e9-b682-000d3a74c7de;pecari tajacu;bol;1;8
c705d4f0-92d4-11e9-9710-000d3a74c7de.jpg;c705d4f0-92d4-11e9-9710-000d3a74c7de;pecari tajacu;bol;1;8
c705d4f2-92d4-11e9-b51c-000d3a74c7de.jpg;c705d4f2-92d4-11e9-b51c-000d3a74c7de;nasua nasua;bol;1;13
c705d4f4-92d4-11e9-8e81-000d3a74c7de.jpg;c705d4f4-92d4-11e9-8e81-000d3a74c7de;pecari tajacu;bol;1;8
c705fc02-92d4-11e9-a35a-000d3a74c7de.jpg;c705fc02-92d4-11e9-a35a-000d3a74c7de;dasypus novemcinctus;bol;1;14
c705fc04-92d4-11e9-9ef2-000d3a74c7de.jpg;c705fc04-92d4-11e9-9ef2-000d3a74c7de;cuniculus paca;bol;1;4
c705fc06-92d4-11e9-b218-000d3a74c7de.jpg;c705fc06-92d4-11e9-b218-000d3a74c7de;sciurus spadiceus;bol;1;5
c705fc08-92d4-11e9-b432-000d3a74c7de.jpg;c705fc08-92d4-11e9-b432-000d3a74c7de;eira barbara;bol;1;15
c7062311-92d4-11e9-9cee-000d3a74c7de.jpg;c7062311-92d4-11e9-9cee-000d3a74c7de;psophia leucoptera;bol;1;1
c7062313-92d4-11e9-85d8-000d3a74c7de.jpg;c7062313-92d4-11e9-85d8-000d3a74c7de;psophia leucoptera;bol;1;1
c7062315-92d4-11e9-b892-000d3a74c7de.jpg;c7062315-92d4-11e9-b892-000d3a74c7de;psophia leucoptera;bol;1;1
c7064a22-92d4-11e9-89fa-000d3a74c7de.jpg;c7064a22-92d4-11e9-89fa-000d3a74c7de;psophia leucoptera;bol;1;1
c7064a24-92d4-11e9-aff6-000d3a74c7de.jpg;c7064a24-92d4-11e9-aff6-000d3a74c7de;psophia leucoptera;bol;1;1
c7064a26-92d4-11e9-8887-000d3a74c7de.jpg;c7064a26-92d4-11e9-8887-000d3a74c7de;psophia leucoptera;bol;1;1
c7064a28-92d4-11e9-8327-000d3a74c7de.jpg;c7064a28-92d4-11e9-8327-000d3a74c7de;cuniculus paca;bol;1;4
c7067137-92d4-11e9-a03d-000d3a74c7de.jpg;c7067137-92d4-11e9-a03d-000d3a74c7de;didelphis marsupialis;bol;1;16
c7067139-92d4-11e9-87a7-000d3a74c7de.jpg;c7067139-92d4-11e9-87a7-000d3a74c7de;sciurus spadiceus;bol;1;5
c706713b-92d4-11e9-a3a1-000d3a74c7de.jpg;c706713b-92d4-11e9-a3a1-000d3a74c7de;tayassu pecari;bol;1;2
c7069842-92d4-11e9-b61c-000d3a74c7de.jpg;c7069842-92d4-11e9-b61c-000d3a74c7de;tayassu pecari;bol;1;2
c7069844-92d4-11e9-8b1f-000d3a74c7de.jpg;c7069844-92d4-11e9-8b1f-000d3a74c7de;tayassu pecari;bol;1;2
c7069846-92d4-11e9-a08a-000d3a74c7de.jpg;c7069846-92d4-11e9-a08a-000d3a74c7de;tayassu pecari;bol;1;2
c706bf52-92d4-11e9-b74e-000d3a74c7de.jpg;c706bf52-92d4-11e9-b74e-000d3a74c7de;pecari tajacu;bol;1;8
c706bf54-92d4-11e9-a0c4-000d3a74c7de.jpg;c706bf54-92d4-11e9-a0c4-000d3a74c7de;tayassu pecari;bol;1;2
c706bf56-92d4-11e9-a428-000d3a74c7de.jpg;c706bf56-92d4-11e9-a428-000d3a74c7de;tayassu pecari;bol;1;2
c706bf58-92d4-11e9-8191-000d3a74c7de.jpg;c706bf58-92d4-11e9-8191-000d3a74c7de;tayassu pecari;bol;1;2
c706e65f-92d4-11e9-8738-000d3a74c7de.jpg;c706e65f-92d4-11e9-8738-000d3a74c7de;tayassu pecari;bol;1;2
c706e661-92d4-11e9-91e1-000d3a74c7de.jpg;c706e661-92d4-11e9-91e1-000d3a74c7de;psophia leucoptera;bol;1;1
c706e663-92d4-11e9-b4b9-000d3a74c7de.jpg;c706e663-92d4-11e9-b4b9-000d3a74c7de;psophia leucoptera;bol;1;1
c7070d70-92d4-11e9-b20f-000d3a74c7de.jpg;c7070d70-92d4-11e9-b20f-000d3a74c7de;psophia leucoptera;bol;1;1
c7070d72-92d4-11e9-bf68-000d3a74c7de.jpg;c7070d72-92d4-11e9-bf68-000d3a74c7de;mazama americana;bol;1;9
c7070d74-92d4-11e9-a843-000d3a74c7de.jpg;c7070d74-92d4-11e9-a843-000d3a74c7de;tapirus terrestris;bol;1;7
c7070d76-92d4-11e9-aed8-000d3a74c7de.jpg;c7070d76-92d4-11e9-aed8-000d3a74c7de;tayassu pecari;bol;1;2
c7073480-92d4-11e9-a6f2-000d3a74c7de.jpg;c7073480-92d4-11e9-a6f2-000d3a74c7de;tayassu pecari;bol;1;2
c7073482-92d4-11e9-b7df-000d3a74c7de.jpg;c7073482-92d4-11e9-b7df-000d3a74c7de;tayassu pecari;bol;1;2
c7073484-92d4-11e9-ba09-000d3a74c7de.jpg;c7073484-92d4-11e9-ba09-000d3a74c7de;tayassu pecari;bol;1;2
c7075b92-92d4-11e9-9257-000d3a74c7de.jpg;c7075b92-92d4-11e9-9257-000d3a74c7de;dasyprocta punctata;bol;1;3
c7075b94-92d4-11e9-b16d-000d3a74c7de.jpg;c7075b94-92d4-11e9-b16d-000d3a74c7de;psophia leucoptera;bol;1;1
c7075b96-92d4-11e9-8cd4-000d3a74c7de.jpg;c7075b96-92d4-11e9-8cd4-000d3a74c7de;psophia leucoptera;bol;1;1
c707829c-92d4-11e9-94f9-000d3a74c7de.jpg;c707829c-92d4-11e9-94f9-000d3a74c7de;psophia leucoptera;bol;1;1
c707829e-92d4-11e9-af9c-000d3a74c7de.jpg;c707829e-92d4-11e9-af9c-000d3a74c7de;psophia leucoptera;bol;1;1
c70782a0-92d4-11e9-b6a1-000d3a74c7de.jpg;c70782a0-92d4-11e9-b6a1-000d3a74c7de;psophia leucoptera;bol;1;1
c70782a2-92d4-11e9-9a54-000d3a74c7de.jpg;c70782a2-92d4-11e9-9a54-000d3a74c7de;psophia leucoptera;bol;1;1
c707a9ae-92d4-11e9-9916-000d3a74c7de.jpg;c707a9ae-92d4-11e9-9916-000d3a74c7de;psophia leucoptera;bol;1;1
c707a9b0-92d4-11e9-b7b7-000d3a74c7de.jpg;c707a9b0-92d4-11e9-b7b7-000d3a74c7de;psophia leucoptera;bol;1;1
c707a9b2-92d4-11e9-9f9c-000d3a74c7de.jpg;c707a9b2-92d4-11e9-9f9c-000d3a74c7de;psophia leucoptera;bol;1;1
c707a9b4-92d4-11e9-a6af-000d3a74c7de.jpg;c707a9b4-92d4-11e9-a6af-000d3a74c7de;psophia leucoptera;bol;1;1
c707d0c7-92d4-11e9-93d8-000d3a74c7de.jpg;c707d0c7-92d4-11e9-93d8-000d3a74c7de;psophia leucoptera;bol;1;1
c707d0c9-92d4-11e9-9a8e-000d3a74c7de.jpg;c707d0c9-92d4-11e9-9a8e-000d3a74c7de;psophia leucoptera;bol;1;1
c707d0cb-92d4-11e9-9ac9-000d3a74c7de.jpg;c707d0cb-92d4-11e9-9ac9-000d3a74c7de;psophia leucoptera;bol;1;1
c707f7d4-92d4-11e9-8d51-000d3a74c7de.jpg;c707f7d4-92d4-11e9-8d51-000d3a74c7de;psophia leucoptera;bol;1;1
c707f7d6-92d4-11e9-bc92-000d3a74c7de.jpg;c707f7d6-92d4-11e9-bc92-000d3a74c7de;pecari tajacu;bol;1;8
c707f7d8-92d4-11e9-81c2-000d3a74c7de.jpg;c707f7d8-92d4-11e9-81c2-000d3a74c7de;pecari tajacu;bol;1;8
c7081ee4-92d4-11e9-bf33-000d3a74c7de.jpg;c7081ee4-92d4-11e9-bf33-000d3a74c7de;pecari tajacu;bol;1;8
c7081ee6-92d4-11e9-a0db-000d3a74c7de.jpg;c7081ee6-92d4-11e9-a0db-000d3a74c7de;pecari tajacu;bol;1;8
c7081ee8-92d4-11e9-9294-000d3a74c7de.jpg;c7081ee8-92d4-11e9-9294-000d3a74c7de;pecari tajacu;bol;1;8
c7081eea-92d4-11e9-bae3-000d3a74c7de.jpg;c7081eea-92d4-11e9-bae3-000d3a74c7de;penelope jacquacu;bol;1;17
c70846c8-92d4-11e9-b93c-000d3a74c7de.jpg;c70846c8-92d4-11e9-b93c-000d3a74c7de;penelope jacquacu;bol;1;17
c70846ca-92d4-11e9-8ebd-000d3a74c7de.jpg;c70846ca-92d4-11e9-8ebd-000d3a74c7de;tayassu pecari;bol;1;2
c70846cc-92d4-11e9-9230-000d3a74c7de.jpg;c70846cc-92d4-11e9-9230-000d3a74c7de;tayassu pecari;bol;1;2
c7086d00-92d4-11e9-8f97-000d3a74c7de.jpg;c7086d00-92d4-11e9-8f97-000d3a74c7de;dasyprocta punctata;bol;1;3
c7086d02-92d4-11e9-8b4a-000d3a74c7de.jpg;c7086d02-92d4-11e9-8b4a-000d3a74c7de;cuniculus paca;bol;1;4
c7086d04-92d4-11e9-b239-000d3a74c7de.jpg;c7086d04-92d4-11e9-b239-000d3a74c7de;alouatta sara;bol;1;18
c7086d06-92d4-11e9-b294-000d3a74c7de.jpg;c7086d06-92d4-11e9-b294-000d3a74c7de;alouatta sara;bol;1;18
c7089413-92d4-11e9-bfca-000d3a74c7de.jpg;c7089413-92d4-11e9-bfca-000d3a74c7de;alouatta sara;bol;1;18
c7089415-92d4-11e9-ac9f-000d3a74c7de.jpg;c7089415-92d4-11e9-ac9f-000d3a74c7de;mazama americana;bol;1;9
c7089417-92d4-11e9-8df8-000d3a74c7de.jpg;c7089417-92d4-11e9-8df8-000d3a74c7de;tapirus terrestris;bol;1;7
c708bb1e-92d4-11e9-84b0-000d3a74c7de.jpg;c708bb1e-92d4-11e9-84b0-000d3a74c7de;tapirus terrestris;bol;1;7
c708bb20-92d4-11e9-b7fe-000d3a74c7de.jpg;c708bb20-92d4-11e9-b7fe-000d3a74c7de;mazama americana;bol;1;9
c708bb22-92d4-11e9-ae5f-000d3a74c7de.jpg;c708bb22-92d4-11e9-ae5f-000d3a74c7de;mazama americana;bol;1;9
c708e236-92d4-11e9-8d69-000d3a74c7de.jpg;c708e236-92d4-11e9-8d69-000d3a74c7de;mazama americana;bol;1;9
c708e238-92d4-11e9-a76a-000d3a74c7de.jpg;c708e238-92d4-11e9-a76a-000d3a74c7de;mazama americana;bol;1;9
c708e23a-92d4-11e9-aa23-000d3a74c7de.jpg;c708e23a-92d4-11e9-aa23-000d3a74c7de;mazama americana;bol;1;9
c708e23c-92d4-11e9-a807-000d3a74c7de.jpg;c708e23c-92d4-11e9-a807-000d3a74c7de;tapirus terrestris;bol;1;7
c709095a-92d4-11e9-9fd2-000d3a74c7de.jpg;c709095a-92d4-11e9-9fd2-000d3a74c7de;pecari tajacu;bol;1;8
c709095c-92d4-11e9-ba08-000d3a74c7de.jpg;c709095c-92d4-11e9-ba08-000d3a74c7de;atelocynus microtis;bol;1;19
c709095e-92d4-11e9-8713-000d3a74c7de.jpg;c709095e-92d4-11e9-8713-000d3a74c7de;tayassu pecari;bol;1;2
c7093066-92d4-11e9-85f0-000d3a74c7de.jpg;c7093066-92d4-11e9-85f0-000d3a74c7de;tayassu pecari;bol;1;2
c7093068-92d4-11e9-a220-000d3a74c7de.jpg;c7093068-92d4-11e9-a220-000d3a74c7de;psophia leucoptera;bol;1;1
c709306a-92d4-11e9-b86b-000d3a74c7de.jpg;c709306a-92d4-11e9-b86b-000d3a74c7de;tayassu pecari;bol;1;2
c7095774-92d4-11e9-a32f-000d3a74c7de.jpg;c7095774-92d4-11e9-a32f-000d3a74c7de;tayassu pecari;bol;1;2
c7095776-92d4-11e9-96fc-000d3a74c7de.jpg;c7095776-92d4-11e9-96fc-000d3a74c7de;tayassu pecari;bol;1;2
c7095778-92d4-11e9-88bd-000d3a74c7de.jpg;c7095778-92d4-11e9-88bd-000d3a74c7de;tayassu pecari;bol;1;2
c709577a-92d4-11e9-9a0c-000d3a74c7de.jpg;c709577a-92d4-11e9-9a0c-000d3a74c7de;tayassu pecari;bol;1;2
c7097e8b-92d4-11e9-8902-000d3a74c7de.jpg;c7097e8b-92d4-11e9-8902-000d3a74c7de;tayassu pecari;bol;1;2
c7097e8d-92d4-11e9-b5a3-000d3a74c7de.jpg;c7097e8d-92d4-11e9-b5a3-000d3a74c7de;tayassu pecari;bol;1;2
c7097e8f-92d4-11e9-b574-000d3a74c7de.jpg;c7097e8f-92d4-11e9-b574-000d3a74c7de;tayassu pecari;bol;1;2
c709a58a-92d4-11e9-960e-000d3a74c7de.jpg;c709a58a-92d4-11e9-960e-000d3a74c7de;tayassu pecari;bol;1;2
c709a58c-92d4-11e9-be88-000d3a74c7de.jpg;c709a58c-92d4-11e9-be88-000d3a74c7de;tayassu pecari;bol;1;2
c709a58e-92d4-11e9-b19a-000d3a74c7de.jpg;c709a58e-92d4-11e9-b19a-000d3a74c7de;tayassu pecari;bol;1;2
c709a590-92d4-11e9-8600-000d3a74c7de.jpg;c709a590-92d4-11e9-8600-000d3a74c7de;tayassu pecari;bol;1;2
c709ccae-92d4-11e9-b0c1-000d3a74c7de.jpg;c709ccae-92d4-11e9-b0c1-000d3a74c7de;tayassu pecari;bol;1;2
c709ccb0-92d4-11e9-839b-000d3a74c7de.jpg;c709ccb0-92d4-11e9-839b-000d3a74c7de;tayassu pecari;bol;1;2
c709ccb2-92d4-11e9-9c6a-000d3a74c7de.jpg;c709ccb2-92d4-11e9-9c6a-000d3a74c7de;tayassu pecari;bol;1;2
c709f3a8-92d4-11e9-baca-000d3a74c7de.jpg;c709f3a8-92d4-11e9-baca-000d3a74c7de;tayassu pecari;bol;1;2
c709f3aa-92d4-11e9-a90b-000d3a74c7de.jpg;c709f3aa-92d4-11e9-a90b-000d3a74c7de;tayassu pecari;bol;1;2
c709f3ac-92d4-11e9-9d82-000d3a74c7de.jpg;c709f3ac-92d4-11e9-9d82-000d3a74c7de;tayassu pecari;bol;1;2
c70a1ab6-92d4-11e9-a80e-000d3a74c7de.jpg;c70a1ab6-92d4-11e9-a80e-000d3a74c7de;tayassu pecari;bol;1;2
c70a1ab8-92d4-11e9-8c3b-000d3a74c7de.jpg;c70a1ab8-92d4-11e9-8c3b-000d3a74c7de;tayassu pecari;bol;1;2
c70a1aba-92d4-11e9-9e66-000d3a74c7de.jpg;c70a1aba-92d4-11e9-9e66-000d3a74c7de;tayassu pecari;bol;1;2
c70a1abc-92d4-11e9-8d68-000d3a74c7de.jpg;c70a1abc-92d4-11e9-8d68-000d3a74c7de;tayassu pecari;bol;1;2
c70a41c6-92d4-11e9-a37d-000d3a74c7de.jpg;c70a41c6-92d4-11e9-a37d-000d3a74c7de;tayassu pecari;bol;1;2
c70a41c8-92d4-11e9-9bcc-000d3a74c7de.jpg;c70a41c8-92d4-11e9-9bcc-000d3a74c7de;tayassu pecari;bol;1;2
c70a41ca-92d4-11e9-84c1-000d3a74c7de.jpg;c70a41ca-92d4-11e9-84c1-000d3a74c7de;mazama americana;bol;1;9
c70a68e4-92d4-11e9-bfbc-000d3a74c7de.jpg;c70a68e4-92d4-11e9-bfbc-000d3a74c7de;mazama americana;bol;1;9
c70a68e6-92d4-11e9-addd-000d3a74c7de.jpg;c70a68e6-92d4-11e9-addd-000d3a74c7de;tapirus terrestris;bol;1;7
c70a68e8-92d4-11e9-9fbf-000d3a74c7de.jpg;c70a68e8-92d4-11e9-9fbf-000d3a74c7de;tapirus terrestris;bol;1;7
c70a68ea-92d4-11e9-be66-000d3a74c7de.jpg;c70a68ea-92d4-11e9-be66-000d3a74c7de;tapirus terrestris;bol;1;7
c70a8fe9-92d4-11e9-b149-000d3a74c7de.jpg;c70a8fe9-92d4-11e9-b149-000d3a74c7de;mazama americana;bol;1;9
c70a8feb-92d4-11e9-a859-000d3a74c7de.jpg;c70a8feb-92d4-11e9-a859-000d3a74c7de;mazama americana;bol;1;9
c70a8fed-92d4-11e9-afdf-000d3a74c7de.jpg;c70a8fed-92d4-11e9-afdf-000d3a74c7de;mazama americana;bol;1;9
c70ab6f6-92d4-11e9-b80a-000d3a74c7de.jpg;c70ab6f6-92d4-11e9-b80a-000d3a74c7de;mazama americana;bol;1;9
c70ab6f8-92d4-11e9-8d2d-000d3a74c7de.jpg;c70ab6f8-92d4-11e9-8d2d-000d3a74c7de;mazama americana;bol;1;9
c70ab6fa-92d4-11e9-acd6-000d3a74c7de.jpg;c70ab6fa-92d4-11e9-acd6-000d3a74c7de;mazama americana;bol;1;9
c70ade12-92d4-11e9-9fc1-000d3a74c7de.jpg;c70ade12-92d4-11e9-9fc1-000d3a74c7de;tapirus terrestris;bol;1;7
c70ade14-92d4-11e9-8c15-000d3a74c7de.jpg;c70ade14-92d4-11e9-8c15-000d3a74c7de;mazama americana;bol;1;9
c70ade16-92d4-11e9-911c-000d3a74c7de.jpg;c70ade16-92d4-11e9-911c-000d3a74c7de;mazama americana;bol;1;9
c70ade18-92d4-11e9-ab4a-000d3a74c7de.jpg;c70ade18-92d4-11e9-ab4a-000d3a74c7de;penelope jacquacu;bol;1;17
c70b0540-92d4-11e9-8f56-000d3a74c7de.jpg;c70b0540-92d4-11e9-8f56-000d3a74c7de;penelope jacquacu;bol;1;17
c70b0542-92d4-11e9-a128-000d3a74c7de.jpg;c70b0542-92d4-11e9-a128-000d3a74c7de;tayassu pecari;bol;1;2
c70b0544-92d4-11e9-8e73-000d3a74c7de.jpg;c70b0544-92d4-11e9-8e73-000d3a74c7de;tayassu pecari;bol;1;2
c70b2c1a-92d4-11e9-a891-000d3a74c7de.jpg;c70b2c1a-92d4-11e9-a891-000d3a74c7de;tayassu pecari;bol;1;2
c70b2c1c-92d4-11e9-affe-000d3a74c7de.jpg;c70b2c1c-92d4-11e9-affe-000d3a74c7de;tayassu pecari;bol;1;2
c70b2c1e-92d4-11e9-8694-000d3a74c7de.jpg;c70b2c1e-92d4-11e9-8694-000d3a74c7de;tayassu pecari;bol;1;2
c70b533a-92d4-11e9-85a2-000d3a74c7de.jpg;c70b533a-92d4-11e9-85a2-000d3a74c7de;tayassu pecari;bol;1;2
c70b533c-92d4-11e9-90d2-000d3a74c7de.jpg;c70b533c-92d4-11e9-90d2-000d3a74c7de;tayassu pecari;bol;1;2
c70b533e-92d4-11e9-8fc3-000d3a74c7de.jpg;c70b533e-92d4-11e9-8fc3-000d3a74c7de;tapirus terrestris;bol;1;7
c70b7a7e-92d4-11e9-9211-000d3a74c7de.jpg;c70b7a7e-92d4-11e9-9211-000d3a74c7de;mazama americana;bol;1;9
c70b7a80-92d4-11e9-b98b-000d3a74c7de.jpg;c70b7a80-92d4-11e9-b98b-000d3a74c7de;mazama americana;bol;1;9
c70b7a82-92d4-11e9-a750-000d3a74c7de.jpg;c70b7a82-92d4-11e9-a750-000d3a74c7de;mazama americana;bol;1;9
c70b7a84-92d4-11e9-b136-000d3a74c7de.jpg;c70b7a84-92d4-11e9-b136-000d3a74c7de;mazama americana;bol;1;9
c70ba1c7-92d4-11e9-876c-000d3a74c7de.jpg;c70ba1c7-92d4-11e9-876c-000d3a74c7de;mazama americana;bol;1;9
c70ba1c9-92d4-11e9-b37d-000d3a74c7de.jpg;c70ba1c9-92d4-11e9-b37d-000d3a74c7de;mazama americana;bol;1;9
c70ba1cb-92d4-11e9-ab79-000d3a74c7de.jpg;c70ba1cb-92d4-11e9-ab79-000d3a74c7de;mazama americana;bol;1;9
c70bc867-92d4-11e9-b1c2-000d3a74c7de.jpg;c70bc867-92d4-11e9-b1c2-000d3a74c7de;mazama americana;bol;1;9
c70bc869-92d4-11e9-996f-000d3a74c7de.jpg;c70bc869-92d4-11e9-996f-000d3a74c7de;mazama americana;bol;1;9
c70bc86b-92d4-11e9-ab2a-000d3a74c7de.jpg;c70bc86b-92d4-11e9-ab2a-000d3a74c7de;tapirus terrestris;bol;1;7
c70bc86d-92d4-11e9-8740-000d3a74c7de.jpg;c70bc86d-92d4-11e9-8740-000d3a74c7de;tayassu pecari;bol;1;2
c70bf491-92d4-11e9-bc88-000d3a74c7de.jpg;c70bf491-92d4-11e9-bc88-000d3a74c7de;tayassu pecari;bol;1;2
c70bf493-92d4-11e9-b596-000d3a74c7de.jpg;c70bf493-92d4-11e9-b596-000d3a74c7de;mazama americana;bol;1;9
c70bf495-92d4-11e9-9f62-000d3a74c7de.jpg;c70bf495-92d4-11e9-9f62-000d3a74c7de;mazama americana;bol;1;9
c70c1698-92d4-11e9-b682-000d3a74c7de.jpg;c70c1698-92d4-11e9-b682-000d3a74c7de;psophia leucoptera;bol;1;1
c70c169a-92d4-11e9-bc55-000d3a74c7de.jpg;c70c169a-92d4-11e9-bc55-000d3a74c7de;tapirus terrestris;bol;1;7
c70c169c-92d4-11e9-8c89-000d3a74c7de.jpg;c70c169c-92d4-11e9-8c89-000d3a74c7de;dasyprocta punctata;bol;1;3
c70c3d9a-92d4-11e9-86f2-000d3a74c7de.jpg;c70c3d9a-92d4-11e9-86f2-000d3a74c7de;pecari tajacu;bol;1;8
c70c3d9c-92d4-11e9-a2d1-000d3a74c7de.jpg;c70c3d9c-92d4-11e9-a2d1-000d3a74c7de;pecari tajacu;bol;1;8
c70c3d9e-92d4-11e9-b9d7-000d3a74c7de.jpg;c70c3d9e-92d4-11e9-b9d7-000d3a74c7de;pecari tajacu;bol;1;8
c70c64b6-92d4-11e9-832e-000d3a74c7de.jpg;c70c64b6-92d4-11e9-832e-000d3a74c7de;pecari tajacu;bol;1;8
c70c64b8-92d4-11e9-82f7-000d3a74c7de.jpg;c70c64b8-92d4-11e9-82f7-000d3a74c7de;cuniculus paca;bol;1;4
c70c64ba-92d4-11e9-82d6-000d3a74c7de.jpg;c70c64ba-92d4-11e9-82d6-000d3a74c7de;pecari tajacu;bol;1;8
c70c64bc-92d4-11e9-9695-000d3a74c7de.jpg;c70c64bc-92d4-11e9-9695-000d3a74c7de;pecari tajacu;bol;1;8
c70c8bba-92d4-11e9-a0f7-000d3a74c7de.jpg;c70c8bba-92d4-11e9-a0f7-000d3a74c7de;pecari tajacu;bol;1;8
c70c8bbc-92d4-11e9-bc31-000d3a74c7de.jpg;c70c8bbc-92d4-11e9-bc31-000d3a74c7de;pecari tajacu;bol;1;8
c70c8bbe-92d4-11e9-8020-000d3a74c7de.jpg;c70c8bbe-92d4-11e9-8020-000d3a74c7de;tayassu pecari;bol;1;2
c70c8bc0-92d4-11e9-9416-000d3a74c7de.jpg;c70c8bc0-92d4-11e9-9416-000d3a74c7de;tayassu pecari;bol;1;2
c70cb2cb-92d4-11e9-8996-000d3a74c7de.jpg;c70cb2cb-92d4-11e9-8996-000d3a74c7de;tapirus terrestris;bol;1;7
c70cb2cd-92d4-11e9-ba7f-000d3a74c7de.jpg;c70cb2cd-92d4-11e9-ba7f-000d3a74c7de;tapirus terrestris;bol;1;7
c70cb2cf-92d4-11e9-a052-000d3a74c7de.jpg;c70cb2cf-92d4-11e9-a052-000d3a74c7de;tapirus terrestris;bol;1;7
c70cd9e8-92d4-11e9-96ff-000d3a74c7de.jpg;c70cd9e8-92d4-11e9-96ff-000d3a74c7de;pecari tajacu;bol;1;8
c70cd9ea-92d4-11e9-a8da-000d3a74c7de.jpg;c70cd9ea-92d4-11e9-a8da-000d3a74c7de;pecari tajacu;bol;1;8
c70cd9ec-92d4-11e9-97ec-000d3a74c7de.jpg;c70cd9ec-92d4-11e9-97ec-000d3a74c7de;pecari tajacu;bol;1;8
c70d00fa-92d4-11e9-ae60-000d3a74c7de.jpg;c70d00fa-92d4-11e9-ae60-000d3a74c7de;pecari tajacu;bol;1;8
c70d00fc-92d4-11e9-a7da-000d3a74c7de.jpg;c70d00fc-92d4-11e9-a7da-000d3a74c7de;pecari tajacu;bol;1;8
c70d00fe-92d4-11e9-976b-000d3a74c7de.jpg;c70d00fe-92d4-11e9-976b-000d3a74c7de;pecari tajacu;bol;1;8
c70d0100-92d4-11e9-98a1-000d3a74c7de.jpg;c70d0100-92d4-11e9-98a1-000d3a74c7de;pecari tajacu;bol;1;8
c70d27f7-92d4-11e9-b959-000d3a74c7de.jpg;c70d27f7-92d4-11e9-b959-000d3a74c7de;pecari tajacu;bol;1;8
c70d27f9-92d4-11e9-a178-000d3a74c7de.jpg;c70d27f9-92d4-11e9-a178-000d3a74c7de;mazama americana;bol;1;9
c70d27fb-92d4-11e9-b0f2-000d3a74c7de.jpg;c70d27fb-92d4-11e9-b0f2-000d3a74c7de;psophia leucoptera;bol;1;1
c70d4f1e-92d4-11e9-acfa-000d3a74c7de.jpg;c70d4f1e-92d4-11e9-acfa-000d3a74c7de;psophia leucoptera;bol;1;1
c70dc448-92d4-11e9-885d-000d3a74c7de.jpg;c70dc448-92d4-11e9-885d-000d3a74c7de;psophia leucoptera;bol;1;1
